rabindranath-tagore	라빈드라나트 타고르	1861-1941	south-asia
natsume-soseki	나쓰메 소세키	1867-1916	east-asia
lu-xun	루쉰	1881-1936	east-asia
ryunosuke-akutagawa	아쿠타가와 류노스케	1892-1927	east-asia
yi-sang	이상	1910-1937	east-asia
kim-sowol	김소월	1902-1934	east-asia
han-yong-un	한용운	1879-1944	east-asia
premchand	프렘찬드	1880-1936	south-asia
bruno-schulz	브루노 슐츠	1892-1942	eastern-europe
witold-gombrowicz	비톨트 곰브로비치	1904-1969	eastern-europe
hermann-broch	헤르만 브로흐	1886-1951	central-europe
elias-canetti	엘리아스 카네티	1905-1994	central-europe
cesar-vallejo	세사르 바예호	1892-1938	latin-america
anna-akhmatova	안나 아흐마토바	1889-1966	russia
marina-tsvetaeva	마리나 츠베타예바	1892-1941	russia
sadegh-hedayat	사데크 헤다야트	1903-1951	middle-east-north-africa
marcel-proust	마르셀 프루스트	1871-1922	western-europe
franz-kafka	프란츠 카프카	1883-1924	central-europe
james-joyce	제임스 조이스	1882-1941	britain-ireland
virginia-woolf	버지니아 울프	1882-1941	britain-ireland
william-faulkner	윌리엄 포크너	1897-1962	north-america
thomas-mann	토마스 만	1875-1955	central-europe
robert-musil	로베르트 무질	1880-1942	central-europe
fernando-pessoa	페르난두 페소아	1888-1935	iberia
william-butler-yeats	윌리엄 버틀러 예이츠	1865-1939	britain-ireland
rainer-maria-rilke	라이너 마리아 릴케	1875-1926	central-europe
ts-eliot	T. S. 엘리엇	1888-1965	north-america
gertrude-stein	거트루드 스타인	1874-1946	north-america
katherine-mansfield	캐서린 맨스필드	1888-1923	oceania
luigi-pirandello	루이지 피란델로	1867-1936	italy
bertolt-brecht	베르톨트 브레히트	1898-1956	central-europe
mikhail-bulgakov	미하일 불가코프	1891-1940	russia
isaac-babel	이사크 바벨	1894-1940	russia
federico-garcia-lorca	페데리코 가르시아 로르카	1898-1936	iberia
gabriel-garcia-marquez	가브리엘 가르시아 마르케스	1927-2014	latin-america
italo-calvino	이탈로 칼비노	1923-1985	italy
toni-morrison	토니 모리슨	1931-2019	north-america
thomas-pynchon	토머스 핀천	1937-	north-america
georges-perec	조르주 페렉	1936-1982	western-europe
milan-kundera	밀란 쿤데라	1929-2023	central-europe
stanislaw-lem	스타니스와프 렘	1921-2006	central-europe
umberto-eco	움베르토 에코	1932-2016	italy
jose-saramago	주제 사라마구	1922-2010	iberia
salman-rushdie	살만 루슈디	1947-	south-asia
wg-sebald	W. G. 제발트	1944-2001	central-europe
ursula-k-le-guin	어슐러 K. 르 귄	1929-2018	north-america
octavia-butler	옥타비아 버틀러	1947-2006	north-america
margaret-atwood	마거릿 애트우드	1939-	north-america
don-delillo	돈 드릴로	1936-	north-america
kazuo-ishiguro	가즈오 이시구로	1954-	britain-ireland
jm-coetzee	J. M. 쿳시	1940-	sub-saharan-africa
yasunari-kawabata	가와바타 야스나리	1899-1972	east-asia
osamu-dazai	다자이 오사무	1909-1948	east-asia
yukio-mishima	미시마 유키오	1925-1970	east-asia
kobo-abe	아베 고보	1924-1993	east-asia
kenzaburo-oe	오에 겐자부로	1935-2023	east-asia
eileen-chang	장아이링	1920-1995	east-asia
saadat-hasan-manto	사다트 하산 만토	1912-1955	south-asia
rk-narayan	R. K. 나라얀	1906-2001	south-asia
park-kyung-ni	박경리	1926-2008	east-asia
jorge-luis-borges	호르헤 루이스 보르헤스	1899-1986	latin-america
pablo-neruda	파블로 네루다	1904-1973	latin-america
juan-rulfo	후안 룰포	1917-1986	latin-america
julio-cortazar	훌리오 코르타사르	1914-1984	latin-america
alejo-carpentier	알레호 카르펜티에르	1904-1980	latin-america
joao-guimaraes-rosa	주앙 기마랑이스 호자	1908-1967	latin-america
clarice-lispector	클라리시 리스펙토르	1920-1977	latin-america
chinua-achebe	치누아 아체베	1930-2013	sub-saharan-africa
naguib-mahfouz	나기브 마푸즈	1911-2006	middle-east-north-africa
aime-cesaire	에메 세제르	1913-2008	caribbean
wole-soyinka	월레 소잉카	1934-	sub-saharan-africa
ngugi-wa-thiongo	응구기 와 시옹오	1938-2025	sub-saharan-africa
tayeb-salih	타예브 살리흐	1929-2009	middle-east-north-africa
derek-walcott	데릭 월컷	1930-2017	caribbean
samuel-beckett	사뮈엘 베케트	1906-1989	britain-ireland
vladimir-nabokov	블라디미르 나보코프	1899-1977	russia
albert-camus	알베르 카뮈	1913-1960	western-europe
ernest-hemingway	어니스트 헤밍웨이	1899-1961	north-america
george-orwell	조지 오웰	1903-1950	britain-ireland
simone-de-beauvoir	시몬 드 보부아르	1908-1986	western-europe
paul-celan	파울 첼란	1920-1970	eastern-europe
zora-neale-hurston	조라 닐 허스턴	1891-1960	north-america
ralph-ellison	랠프 엘리슨	1913-1994	north-america
james-baldwin	제임스 볼드윈	1924-1987	north-america
flannery-oconnor	플래너리 오코너	1925-1964	north-america
marguerite-duras	마르그리트 뒤라스	1914-1996	western-europe
alain-robbe-grillet	알랭 로브그리예	1922-2008	western-europe
wislawa-szymborska	비스와바 심보르스카	1923-2012	central-europe
gustave-flaubert	귀스타브 플로베르	1821-1880	western-europe
leo-tolstoy	레프 톨스토이	1828-1910	russia
fyodor-dostoevsky	표도르 도스토옙스키	1821-1881	russia
anton-chekhov	안톤 체호프	1860-1904	russia
henrik-ibsen	헨리크 입센	1828-1906	nordic
henry-james	헨리 제임스	1843-1916	north-america
joseph-conrad	조지프 콘래드	1857-1924	central-europe
machado-de-assis	마샤두 지 아시스	1839-1908	latin-america
charles-baudelaire	샤를 보들레르	1821-1867	western-europe
walt-whitman	월트 휘트먼	1819-1892	north-america
emily-dickinson	에밀리 디킨슨	1830-1886	north-america
friedrich-nietzsche	프리드리히 니체	1844-1900	central-europe
edouard-glissant	에두아르 글리상	1928-2011	caribbean
maryse-conde	마리즈 콩데	1934-2024	caribbean
frantz-fanon	프란츠 파농	1925-1961	caribbean
vs-naipaul	V. S. 나이폴	1932-2018	caribbean
clr-james	C. L. R. 제임스	1901-1989	caribbean
kamau-brathwaite	카마우 브래스웨이트	1930-2020	caribbean
abdulla-qodiriy	압둘라 코디리	1894-1938	central-asia
abai-qunanbaiuly	아바이 쿠난바이울리	1845-1904	central-asia
mukhtar-auezov	묵타르 아우에조프	1897-1961	central-asia
chinghiz-aitmatov	칭기즈 아이트마토프	1928-2008	central-asia
sadriddin-ayni	사드리딘 아이니	1878-1954	central-asia
sandor-petofi	산도르 페퇴피	1823-1849	eastern-europe
imre-kertesz	임레 케르테스	1929-2016	eastern-europe
taras-shevchenko	타라스 셰우첸코	1814-1861	eastern-europe
henry-lawson	헨리 로슨	1867-1922	oceania
patrick-white	패트릭 화이트	1912-1990	oceania
janet-frame	재닛 프레임	1924-2004	oceania
nam-cao	남 까오	1915-1951	southeast-asia
chairil-anwar	차이릴 안와르	1922-1949	southeast-asia
pramoedya-ananta-toer	프라무디아 아난타 투르	1925-2006	southeast-asia
daniel-defoe	대니얼 디포	1660-1731	britain-ireland
jonathan-swift	조너선 스위프트	1667-1745	britain-ireland
voltaire	볼테르	1694-1778	western-europe
jean-jacques-rousseau	장자크 루소	1712-1778	western-europe
johann-wolfgang-von-goethe	요한 볼프강 폰 괴테	1749-1832	central-europe
jane-austen	제인 오스틴	1775-1817	britain-ireland
charles-dickens	찰스 디킨스	1812-1870	britain-ireland
victor-hugo	빅토르 위고	1802-1885	western-europe
alexander-pushkin	알렉산드르 푸시킨	1799-1837	russia
homer	호메로스	-	western-europe
sophocles	소포클레스	-497--406	western-europe
plato	플라톤	-428--348	western-europe
aristotle	아리스토텔레스	-384--322	western-europe
cicero	키케로	-106--43	italy
virgil	베르길리우스	-70--19	italy
ovid	오비디우스	-43-17	italy
li-bai	이백	701-762	east-asia
du-fu	두보	712-770	east-asia
murasaki-shikibu	무라사키 시키부	973-1014	east-asia
matsuo-basho	마쓰오 바쇼	1644-1694	east-asia
dante-alighieri	단테 알리기에리	1265-1321	italy
mario-vargas-llosa	마리오 바르가스 요사	1936-2025	andes
miguel-de-cervantes	미겔 데 세르반테스	1547-1616	iberia
william-shakespeare	윌리엄 셰익스피어	1564-1616	britain-ireland
edgar-allan-poe	에드거 앨런 포	1809-1849	north-america
herman-melville	허먼 멜빌	1819-1891	north-america
mark-twain	마크 트웨인	1835-1910	north-america
john-steinbeck	존 스타인벡	1902-1968	north-america
omar-khayyam	오마르 하이얌	1048-1131	middle-east-north-africa
rumi	루미	1207-1273	anatolia
arthur-conan-doyle	아서 코넌 도일	1859-1930	britain-ireland
agatha-christie	애거사 크리스티	1890-1976	britain-ireland
jrr-tolkien	J. R. R. 톨킨	1892-1973	britain-ireland
roald-dahl	로알드 달	1916-1990	britain-ireland
jean-paul-sartre	장폴 사르트르	1905-1980	western-europe
antoine-de-saint-exupery	앙투안 드 생텍쥐페리	1900-1944	western-europe
hermann-hesse	헤르만 헤세	1877-1962	central-europe
