src--britannica	Encyclopædia Britannica — 작가·작품 표제 항목	Encyclopædia Britannica, Inc.	https://www.britannica.com
src--nobelprize	The Nobel Prize in Literature — 수상자 전기·수상 연설	Nobel Prize Outreach / Svenska Akademien	https://www.nobelprize.org
src--poetry-foundation	Poetry Foundation — 시인 프로필	Poetry Foundation	https://www.poetryfoundation.org
src--poets-org	poets.org — 시인 프로필	Academy of American Poets	https://poets.org
src--paris-review	The Paris Review — Art of Fiction / Art of Poetry 인터뷰	The Paris Review	https://www.theparisreview.org
src--cambridge-companions	Cambridge Companions to Literature 총서	Cambridge University Press	
src--oxford-worlds-classics	Oxford World's Classics 서문·해제	Oxford University Press	
src--pleiade	Bibliothèque de la Pléiade 해제·연보	Éditions Gallimard	
src--library-of-america	Library of America — 작가 연보·해제	Library of America	https://www.loa.org
src--encykorea	한국민족문화대백과사전 — 작가·작품 항목	한국학중앙연구원	https://encykorea.aks.ac.kr
src--lti-korea	한국문학번역원 작가 소개 자료	Literature Translation Institute of Korea	https://www.ltikorea.or.kr
src--kr-world-lit-editions	국내 주요 세계문학전집 해설 (민음사·문학동네·을유문화사·창비 등)	국내 문학 출판사	
src--aozora-bunko	青空文庫 — 작품별 저본 서지 정보	青空文庫	https://www.aozora.gr.jp
src--soseki-asahi-serialization	아사히신문 연재 소설 지면 (1907–1916)	朝日新聞社	
src--xinqingnian-1918	『신청년(新靑年)』 4권 5호 (1918년 5월)	新靑年社	
src--chenbao-fukan-1921	『신보 부간(晨報副刊)』 연재 지면 (1921년 12월 – 1922년 2월)	晨報社	
src--lu-xun-quanji	『魯迅全集』 주석·연보	人民文學出版社	
src--gaebyeok	『개벽(開闢)』 지면 (1920–1926)	개벽사	
src--joseon-jungang-ilbo-1934	『조선중앙일보』 「오감도」 연재 지면 (1934년 7–8월)	조선중앙일보사	
src--joseon-to-kenchiku	『조선과 건축(朝鮮と建築)』 지면 (1929–1932)	朝鮮建築會	
src--nimui-chimmuk-1926	『님의 침묵』 초판 (1926)	회동서관	
src--premchand-pwa-address-1936	「문학의 목적(साहित्य का उद्देश्य)」 — 전인도 진보작가협회 창립대회 의장 연설 (1936년 4월, 러크나우)	전인도 진보작가협회(All-India Progressive Writers' Association)	
src--rabindra-bhavana	라빈드라 바바나(Rabindra-Bhavana) 타고르 아카이브	Visva-Bharati University, Santiniketan	
src--gitanjali-song-offerings-1912	『Song Offerings』 초판 (1912), 예이츠 서문	The India Society, London	
src--encyclopaedia-iranica	Encyclopædia Iranica — 표제 항목	Encyclopaedia Iranica Foundation / Columbia University	https://iranicaonline.org
src--schulz-witkiewicz-1935	브루노 슐츠, 「스타니스와프 이그나치 비트키에비치에게 보내는 편지」 (1935)	Tygodnik Ilustrowany (바르샤바) 게재, 이후 슐츠 산문집에 수록	
src--gombrowicz-dziennik	비톨트 곰브로비치, 『일기』 — 파리 『쿨투라』 연재본 (1953년 시작)	Instytut Literacki / Kultura, Paris	
src--gombrowicz-testament	비톨트 곰브로비치, 『테스타멘트 — 도미니크 드 루와의 대담』 (1968)	Éditions Belfond, Paris	
src--canetti-broch-rede-1936	엘리아스 카네티, 「헤르만 브로흐 — 50세 생일 연설, 빈 1936년 11월」	『말의 양심』(Das Gewissen der Worte) 수록, Carl Hanser Verlag	
src--chukovskaya-zapiski	리디야 추콥스카야, 『안나 아흐마토바에 관한 기록』 (전 3권)	Лидия Чуковская, «Записки об Анне Ахматовой» 러시아어 판본	
src--vallejo-trilce-1922-lima	César Vallejo, 『트릴세』 초판 (Lima, 1922)	Talleres Tipográficos de la Penitenciaría, Lima	
src--hedayat-buf-e-kur-bombay-1936	사데크 헤다야트, 『눈먼 부엉이』 봄베이 등사판 (1936–37)	저자 자비 등사, Bombay	
src--kafka-letters-felice	펠리체 바우어에게 보낸 편지 (1913. 9.)	Franz Kafka 서간집	
src--pessoa-letter-casais-monteiro	아돌푸 카사이스 몬테이루에게 보낸 편지 (1935. 1. 13.)	Fernando Pessoa 서간	
src--te-ara-nz	Te Ara: The Encyclopedia of New Zealand — Dictionary of New Zealand Biography 인물 항목	New Zealand Ministry for Culture and Heritage (Manatū Taonga)	
src--brecht-arbeitsjournal	베르톨트 브레히트 작업일지 (Arbeitsjournal, 1938–1955)	Bertolt Brecht 유고 — Suhrkamp 판 작업일지	
src--bulgakov-letter-1930	소련 정부에 보낸 편지 (1930. 3. 28.)	미하일 불가코프 서한 — 러시아어 서한집 수록	
src--babel-1934-congress-speech	제1차 전연방 소비에트 작가대회 연설 (1934. 8.)	소비에트 작가동맹 제1차 대회 속기록	
src--lorca-duende-lecture	「유희와 두엔데의 이론」 강연 (1933, 부에노스아이레스)	페데리코 가르시아 로르카 강연록	
src--fundacion-lorca	Fundación Federico García Lorca 연보·소장 자료 안내	Centro Federico García Lorca (Granada)	
src--wikisource-de-das-urteil	Das Urteil — Wikisource 전사 (1913 Arkadia 인쇄본 기준)	de.wikisource.org	https://de.wikisource.org/wiki/Das_Urteil
src--wikisource-de-die-verwandlung	Die Verwandlung — Wikisource 전사 (Die Weißen Blätter 1915년 10월호 기준)	de.wikisource.org	https://de.wikisource.org/wiki/Die_Verwandlung_(Franz_Kafka)
src--wikisource-de-in-der-strafkolonie	In der Strafkolonie — Wikisource 전사 (Kurt Wolff 1919 초판 기준)	de.wikisource.org	https://de.wikisource.org/wiki/In_der_Strafkolonie
src--wikisource-de-der-prozess-1925	Der Prozess — Wikisource 스캔 전사 (Die Schmiede 1925 초판, ÖNB-ANNO)	de.wikisource.org	https://de.wikisource.org/wiki/Index:Der_Prozess
src--wikisource-de-das-schloss-1926	Das Schloß — Wikisource 스캔 전사 (Kurt Wolff 1926 초판, ÖNB-ANNO)	de.wikisource.org	https://de.wikisource.org/wiki/Index:Das_Schlo%C3%9F_(Kafka)
src--dewiki-das-urteil	Das Urteil (Kafka) — 독일어 위키백과	de.wikipedia.org	https://de.wikipedia.org/wiki/Das_Urteil_(Kafka)
src--dewiki-der-juengste-tag-liste	Bücherei 'Der jüngste Tag' 권 목록 — 독일어 위키백과	de.wikipedia.org	https://de.wikipedia.org/wiki/Liste_der_B%C3%A4nde_der_B%C3%BCcherei_Der_j%C3%BCngste_Tag
src--dewiki-der-process	Der Process — 독일어 위키백과	de.wikipedia.org	https://de.wikipedia.org/wiki/Der_Process
src--dewiki-das-schloss	Das Schloß — 독일어 위키백과	de.wikipedia.org	https://de.wikipedia.org/wiki/Das_Schlo%C3%9F
src--wikisource-de-der-heizer-1913	Der Heizer. Ein Fragment. — Wikisource 전사 (Kurt Wolff 1913 초판 스캔, 교정 완료)	de.wikisource.org	https://de.wikisource.org/wiki/Der_Heizer
src--dewiki-der-verschollene	Der Verschollene — 독일어 위키백과	de.wikipedia.org	https://de.wikipedia.org/wiki/Der_Verschollene
src--treccani	Treccani — Enciclopedia Italiana / Dizionario Biografico degli Italiani	Istituto della Enciclopedia Italiana	https://www.treccani.it
src--culture-pl	Culture.pl — 폴란드 작가·작품 프로필	Instytut Adama Mickiewicza (Adam Mickiewicz Institute)	https://culture.pl
src--fundacao-jose-saramago	Fundação José Saramago — 작가 연보·저작 목록	Fundação José Saramago (Casa dos Bicos, Lisboa)	
src--sebald-emergence-of-memory	The Emergence of Memory: Conversations with W. G. Sebald (Lynne Sharon Schwartz 엮음, 2007)	Seven Stories Press	
src--le-guin-language-of-the-night	The Language of the Night: Essays on Fantasy and Science Fiction (Susan Wood 엮음, 1979)	G. P. Putnam's Sons	
src--butler-bloodchild-afterwords	Bloodchild and Other Stories 수록 작가 후기 (1995, 증보판 2005)	Four Walls Eight Windows / Seven Stories Press	
src--atwood-in-other-worlds	In Other Worlds: SF and the Human Imagination (2011)	Nan A. Talese / Doubleday	
src--coetzee-doubling-the-point	Doubling the Point: Essays and Interviews (David Attwell 엮음, 1992)	Harvard University Press	
src--keene-dawn-to-the-west	Dawn to the West: Japanese Literature of the Modern Era	Henry Holt / Donald Keene	
src--kawabata-nobel-lecture	「아름다운 일본의 나」 (美しい日本の私, 1968년 노벨문학상 수상 강연)	Svenska Akademien 수상 강연 기록	
src--oe-nobel-lecture	「애매한 일본의 나」 (あいまいな日本の私, 1994년 노벨문학상 수상 강연)	Svenska Akademien 수상 강연 기록	
src--hsia-modern-chinese-fiction	A History of Modern Chinese Fiction (中國現代小說史)	Yale University Press / C. T. Hsia (夏志清)	
src--jalal-pity-of-partition	The Pity of Partition: Manto's Life, Times, and Work across the India-Pakistan Divide	Princeton University Press / Ayesha Jalal	
src--narayan-my-days	My Days: A Memoir	Viking Press / R. K. Narayan	
src--toji-serialization-record	『토지』 연재 이력 기록 (1969–1994, 5부 완간)	연재 수록 문예지·일간지 지면	
src--cervantes-virtual	Biblioteca Virtual Miguel de Cervantes — 작가 포털	Fundación Biblioteca Virtual Miguel de Cervantes	https://www.cervantesvirtual.com
src--memoria-chilena	Memoria Chilena — 칠레 문학·역사 디지털 포털	Biblioteca Nacional de Chile	https://www.memoriachilena.gob.cl
src--academia-brasileira-letras	Academia Brasileira de Letras — 회원 작가 공식 연보	Academia Brasileira de Letras	https://www.academia.org.br
src--fce-letras-mexicanas-rulfo	Fondo de Cultura Económica — Letras Mexicanas 총서 룰포 초판 서지	Fondo de Cultura Económica	
src--carpentier-prologo-reino-1949	『이 세상의 왕국』 서문 「아메리카의 경이로운 현실」 (1949)	Alejo Carpentier, prólogo a El reino de este mundo	
src--rosa-lorenz-1965	귄터 로렌츠와의 대담 (제노바 라틴아메리카 작가대회, 1965)	Günter Lorenz, Diálogo con Guimarães Rosa	
src--lispector-jornal-do-brasil-cronicas	『조르나우 두 브라지우』 주간 크로니카 연재 (1967–1973)	Jornal do Brasil	
src--heinemann-african-writers-series	Heinemann African Writers Series 총서 해제·연보	Heinemann Educational Books	
src--achebe-image-of-africa-lecture	An Image of Africa: Racism in Conrad's Heart of Darkness (1975년 강연, 1977년 게재)	The Massachusetts Review	
src--achebe-african-writer-english-language	The African Writer and the English Language (1965)	Transition (Kampala) — 이후 Morning Yet on Creation Day 수록	
src--ngugi-decolonising-the-mind	Decolonising the Mind: The Politics of Language in African Literature (1986)	James Currey / Heinemann Educational Books	
src--cesaire-discours-colonialisme	Discours sur le colonialisme (1950, 증보판 1955)	Éditions Réclame / Présence Africaine	
src--presence-africaine	Présence Africaine — 잡지·출판사 (1947년 창간)	Présence Africaine	
src--cambridge-history-arabic-literature	The Cambridge History of Arabic Literature — Modern Arabic Literature 권	Cambridge University Press	
src--walcott-muse-of-history	The Muse of History (1974)	Is Massa Day Dead? (Anchor Press) 수록 에세이	
src--beckett-minuit-editions	베케트 프랑스어 초판 서지 (Éditions de Minuit, 1951–1957)	Éditions de Minuit	
src--nabokov-olympia-lolita	『롤리타』 초판 (Olympia Press, Paris, 1955)	Olympia Press	
src--camus-nouvelles-litteraires-1945	카뮈 인터뷰 — 실존주의자가 아니라는 공개 부인 (Les Nouvelles littéraires, 1945. 11.)	Les Nouvelles littéraires	
src--orwell-horizon-1946	「정치와 영어」 초출 (Horizon, 1946. 4.)	Horizon (편집 Cyril Connolly)	
src--beauvoir-deuxieme-sexe-1949	『제2의 성』 초판 서지 (Gallimard, 1949, 전 2권)	Éditions Gallimard	
src--celan-meridian-1960	게오르크 뷔히너상 수상 연설 「자오선」 (다름슈타트, 1960. 10.)	Deutsche Akademie für Sprache und Dichtung	
src--hurston-mules-and-men-boas-preface	『Mules and Men』 서문 (프란츠 보애스, 1935)	J. B. Lippincott	
src--hurston-how-it-feels-colored-me	「How It Feels to Be Colored Me」 (1928)	The World Tomorrow	
src--ellison-world-and-the-jug	「The World and the Jug」 (1963–1964, 2부작 평문)	The New Leader	
src--baldwin-everybodys-protest-novel	「Everybody's Protest Novel」 (1949)	Zero (파리) / Partisan Review	
src--oconnor-habit-of-being	『The Habit of Being: Letters of Flannery O'Connor』 (Sally Fitzgerald 편, 1979)	Farrar, Straus and Giroux	
src--duras-apostrophes	Apostrophes 방송 인터뷰 (베르나르 피보 진행, 1984)	Antenne 2	
src--robbe-grillet-pour-un-nouveau-roman	『Pour un nouveau roman』 (1963) 수록 평문	Éditions de Minuit	
src--hugo-preface-de-cromwell-1827	크롬웰 서문 (Préface de Cromwell)	Ambroise Dupont, Paris, 1827	
src--hugo-william-shakespeare-1864	윌리엄 셰익스피어 (William Shakespeare)	Librairie internationale A. Lacroix, 1864	
src--fleurs-du-mal-1861	악의 꽃 재판 (Les Fleurs du mal, 2e édition)	Poulet-Malassis et de Broise, Paris, 1861	
src--dostoevsky-vremya-notre-dame-1862	『파리의 노트르담』 러시아어역에 붙인 서문 (『시대(Время)』 1862년 9호)	잡지 『시대(Время)』, 상트페테르부르크	
src--pushkin-letter-raevsky-1825	니콜라이 라예프스키에게 보낸 편지 (1825년 7월, 프랑스어)	푸시킨 서간집	
src--macrobius-saturnalia	사투르날리아 (Saturnalia)	마크로비우스, 5세기	
src--voltaire-lettres-philosophiques-1734	볼테르 『철학편지』(1734) 제22신 「포프 씨와 몇몇 유명한 시인에 대하여」	Lettres philosophiques (Amsterdam, 1734)	
src--orwell-politics-vs-literature-1946	조지 오웰 「정치 대 문학: 『걸리버 여행기』에 대한 검토」(1946)	Polemic (London)	
src--rousseau-lettre-providence-1756	루소 「섭리에 관하여 볼테르 씨에게 보내는 편지」(1756. 8. 18.)	Correspondance de Jean-Jacques Rousseau	
src--goethe-mahomet-weimar-1800	괴테 역 볼테르 『마호메트』 (바이마르 궁정극장, 1800년 초연)	Weimarer Hoftheater	
src--goethe-zum-shakespeares-tag-1771	괴테 「셰익스피어 명명일에」(Zum Schäkespears Tag, 1771)	Goethe, Sämtliche Werke	
src--hesse-dank-an-goethe-1932	헤르만 헤세 「괴테에게 바치는 감사」(Dank an Goethe, 1932)	Hermann Hesse, Betrachtungen / Neue Rundschau	
src--kafka-tagebuch-1917-dickens	카프카 일기 1917년 10월 8일 (디킨스 『데이비드 코퍼필드』 관련 기록)	Franz Kafka, Tagebücher	
src--voltaire-rome-sauvee-1752	Rome sauvée, ou Catilina (1752)	Voltaire	
src--dante-inferno-i-maestro	『신곡』 「지옥」 제1곡	Dante Alighieri, 1321년 완성	
src--dante-inferno-xxv-ovidio	『신곡』 「지옥」 제4곡·제25곡	Dante Alighieri, 1321년 완성	
src--meres-palladis-tamia-1598	Palladis Tamia: Wits Treasury (1598)	Francis Meres, London	
src--du-fu-shipian-li-bai	杜甫 「贈李白」·「春日憶李白」·「夢李白二首」	『杜工部集』 수록	
src--oku-no-hosomichi-jobun	『奥の細道』 서두 「月日は百代の過客にして」	松尾芭蕉, 1702년 간행	
src--dusi-eonhae-1481	『분류두공부시언해』 초간본 (1481)	조선 성종조 간행	
src--oku-no-hosomichi-hiraizumi	『奥の細道』 平泉 「国破れて山河あり」	松尾芭蕉, 1702년 간행	
src--woolf-tale-of-genji-vogue-1925	"The Tale of Genji" (Vogue, 1925년 7월)	Virginia Woolf, Vogue (London)	
src--glissant-discours-antillais-1981	Le Discours antillais (1981)	Éditions du Seuil (Paris)	
src--glissant-faulkner-mississippi	Faulkner, Mississippi (1996)	Éditions Stock (Paris)	
src--fanon-peau-noire-1952	Peau noire, masques blancs (1952)	Éditions du Seuil (Paris)	
src--fanon-damnes-preface-sartre-1961	Jean-Paul Sartre, préface to Les Damnés de la terre (1961)	François Maspero (Paris)	
src--naipaul-conrads-darkness-1974	「Conrad's Darkness」 (1974)	The New York Review of Books / The Return of Eva Perón 수록 (1980)	
src--naipaul-india-wounded-civilization-1977	India: A Wounded Civilization (1977)	André Deutsch (London)	
src--walcott-what-the-twilight-says-garden-path	What the Twilight Says: Essays 수록 「The Garden Path」	Farrar, Straus and Giroux (1998)	
src--james-mariners-renegades-1953	Mariners, Renegades and Castaways (1953)	C. L. R. James 자비 출판 (New York)	
src--james-black-jacobins-appendix-1963	「From Toussaint L'Ouverture to Fidel Castro」 — The Black Jacobins 개정판 부록 (1963)	Vintage Books (New York)	
src--brathwaite-history-of-the-voice-1984	History of the Voice (1984)	New Beacon Books (London)	
src--keene-world-within-walls	World Within Walls: Japanese Literature of the Pre-Modern Era, 1600–1867	Donald Keene / Holt, Rinehart and Winston	
src--akutagawa-basho-zakki	「芭蕉雑記」 (1923–24)	芥川龍之介 전집 (青空文庫 수록)	
src--borges-nueve-ensayos-dantescos	Nueve ensayos dantescos (1982)	Jorge Luis Borges / Espasa-Calpe	
src--vargas-llosa-orgia-perpetua-1975	La orgía perpetua: Flaubert y «Madame Bovary» (1975)	Mario Vargas Llosa / Taurus	
src--vargas-llosa-historia-de-un-deicidio-1971	García Márquez: historia de un deicidio (1971)	Mario Vargas Llosa / Barral Editores	
src--vargas-llosa-entre-sartre-y-camus-1981	Entre Sartre y Camus (1981)	Mario Vargas Llosa / Ediciones Huracán	
src--borges-pierre-menard-1939	«Pierre Menard, autor del Quijote» (Sur, n.º 56, 1939)	Jorge Luis Borges / Revista Sur	
src--melville-hawthorne-and-his-mosses-1850	«Hawthorne and His Mosses» (The Literary World, 1850)	Herman Melville / The Literary World	
src--cesaire-une-tempete-1969	Une tempête (1969)	Aimé Césaire / Éditions du Seuil	
src--baudelaire-histoires-extraordinaires-1856	Histoires extraordinaires, traduites par Charles Baudelaire (1856)	Michel Lévy frères	
src--doyle-through-the-magic-door-1907	Through the Magic Door (1907)	Arthur Conan Doyle / Smith, Elder & Co.	
src--dostoevsky-vremya-poe-preface-1861	«Три рассказа Эдгара Поэ» 서문 (『시대(Время)』, 1861)	Ф. М. Достоевский / журнал «Время»	
src--borges-el-cuento-policial-1978	«El cuento policial» (강연 1978, 『Borges oral』 수록)	Jorge Luis Borges / Universidad de Belgrano	
src--teeuw-modern-indonesian-literature	Modern Indonesian Literature	A. Teeuw / Martinus Nijhoff (KITLV)	
src--jassin-chairil-anwar-pelopor	Chairil Anwar: Pelopor Angkatan 45	H. B. Jassin / Gunung Agung	
src--white-prodigal-son-1958	「탕자」(The Prodigal Son, 1958. 4.)	Australian Letters 1권	
src--marr-patrick-white-a-life	Patrick White: A Life (1991)	David Marr, Random House Australia	
src--chi-pheo-doi-moi-1941	『어울리는 한 쌍(Đôi lứa xứng đôi)』 초판 (1941)	Đời mới 출판사, 하노이	
src--ngu-van-vn-textbook	『국어문학(Ngữ văn)』 중등 교과서	베트남 교육출판사(NXB Giáo dục Việt Nam)	
src--christie-an-autobiography	An Autobiography	Collins (Agatha Christie 자서전, 1977)	
src--symons-bloody-murder	Bloody Murder: From the Detective Story to the Crime Novel	Julian Symons, Faber & Faber (1972)	
src--eco-dreaming-of-the-middle-ages	Dreaming of the Middle Ages	Umberto Eco, 『Travels in Hyperreality』 수록 (Harcourt Brace Jovanovich, 1986)	
src--sturrock-storyteller-roald-dahl	Storyteller: The Life of Roald Dahl	Donald Sturrock, HarperCollins (2010)	
src--sartre-quest-ce-que-la-litterature	Qu'est-ce que la littérature ?	Jean-Paul Sartre, 『Situations II』 수록 (Gallimard, 1948)	
src--sartre-idiot-de-la-famille	L'Idiot de la famille : Gustave Flaubert de 1821 à 1857	Jean-Paul Sartre, Gallimard (1971–1972)	
src--odaert-saint-exupery-ecrivain	Saint-Exupéry écrivain	Olivier Odaert, Presses universitaires de Louvain (2018)	
src--hesse-mann-briefwechsel	Hermann Hesse – Thomas Mann: Briefwechsel	hrsg. Anni Carlsson, Suhrkamp (1968)	https://archive.org/details/briefwechselherm0000hess
src--hesse-zarathustras-wiederkehr-1919	Zarathustras Wiederkehr. Ein Wort an die deutsche Jugend	Hermann Hesse (1919, 익명 발표)	https://www.suhrkamp.de/buch/hermann-hesse-zarathustras-wiederkehr-t-9783518387283
src--petofi-irodalmi-muzeum	Petőfi Irodalmi Múzeum (페퇴피 문학박물관)	Petőfi Irodalmi Múzeum, Budapest	
src--petofi-coriolanus-1848	코리올라누스 — 페퇴피의 헝가리어 번역 (1848)	Pest, 1848	
src--internet-encyclopedia-of-ukraine	Internet Encyclopedia of Ukraine	Canadian Institute of Ukrainian Studies, University of Alberta	https://www.encyclopediaofukraine.com
src--shkandrij-russia-and-ukraine	Russia and Ukraine: Literature and the Discourse of Empire from Napoleonic to Postcolonial Times	McGill-Queen's University Press (2001)	
src--australian-dictionary-of-biography	Australian Dictionary of Biography	National Centre of Biography, Australian National University	https://adb.anu.edu.au
src--khalid-jadidism-central-asia	The Politics of Muslim Cultural Reform: Jadidism in Central Asia	University of California Press	
src--adebiportal-kz	Әдебиет порталы (adebiportal.kz)	카자흐스탄 문학 포털	https://adebiportal.kz
src--abai-olengderi-spb-1909	Қазақ ақыны Ибраһим Құнанбайұғылының өлеңі (상트페테르부르크, 1909)	카키타이 이스카쿨리·투라굴 쿠난바예프 편	https://www.loc.gov/resource/gdcwdl.wdl_07321/
src--aramcoworld-manas-aitmatov	After Manas, My Kyrgyz, Your Chingiz	AramcoWorld (2019)	https://www.aramcoworld.com/articles/2019/after-manas-my-kyrgyz-your-chingiz
src--ziolkowski-pilate-and-pilatism-1992	Pilate and Pilatism in Recent Russian Literature	Palgrave Macmillan	https://link.springer.com/chapter/10.1007/978-1-349-22331-2_10
src--faulkner-i-wish-i-had-written-that-1927	내가 썼더라면 하는 책 (I Wish I Had Written That)	Chicago Tribune, 1927. 7. 16.	
src--borges-bartleby-emece	보르헤스 옮김 『바틀비』 스페인어판	Emecé Editores (부에노스아이레스)	
src--hemingway-green-hills-of-africa	아프리카의 푸른 언덕 (Green Hills of Africa)	Charles Scribner's Sons, 1935	
src--morrison-oxford-mark-twain-huck-intro	토니 모리슨의 『허클베리 핀의 모험』 서문	The Oxford Mark Twain (Shelley Fisher Fishkin 편), Oxford University Press, 1996	
src--carpenter-philosophical-joads-1941	The Philosophical Joads	College English, 제2권 (1941)	
src--hedayat-taraneha-ye-khayyam-1934	하이얌의 노래 (ترانه‌های خیام / Tarānehā-ye Khayyām)	사데크 헤다야트 편, 테헤란, 1934	
src--borges-otras-inquisiciones-1952	또 다른 심문 (Otras inquisiciones)	Sur, 부에노스아이레스, 1952	
src--browne-literary-history-of-persia	A Literary History of Persia	E. G. Browne, Cambridge University Press, 1902–1924 (전 4권)	
src--eco-sebeok-sign-of-three-1984	The Sign of Three: Dupin, Holmes, Peirce (1983)	Umberto Eco·Thomas A. Sebeok 편, Indiana University Press, Bloomington, 1983	
src--mckeon-origins-english-novel	The Origins of the English Novel, 1600–1740	Johns Hopkins University Press	
src--hammer-goethe-rousseau-1973	Goethe and Rousseau: Resonances of the Mind	University Press of Kentucky	
src--orwin-tolstoys-art-and-thought-1993	Tolstoy's Art and Thought, 1847–1880	Princeton University Press	
src--said-culture-and-imperialism-1993	Culture and Imperialism	Alfred A. Knopf	
src--schofield-cicero-political-philosophy-2021	Cicero: Political Philosophy	Oxford University Press	
src--eikhenbaum-tolstoi-seventies	Tolstoi in the Seventies	Ardis	
src--garner-homer-to-tragedy	From Homer to Tragedy: The Art of Allusion in Greek Poetry	Routledge	
src--reinhardt-cicero-topica	Cicero's Topica: Edited with an Introduction, Translation, and Commentary	Oxford University Press (Oxford Classical Monographs)	
src--hardie-epic-successors-virgil	The Epic Successors of Virgil: A Study in the Dynamics of a Tradition	Cambridge University Press (Roman Literature and its Contexts)	
src--braden-love-poems-in-sequence	Love Poems in Sequence	Wiley Blackwell	
src--brugier-conde-faulkner-autre-amerique	Des rives du Mississippi aux berges de la mangrove : Maryse Condé et William Faulkner, récits de l'« Autre Amérique »	Presses universitaires de Rennes	
src--brugier-marginalite-communaute	Marginalité et communauté dans le roman. Maryse Condé, William Faulkner et Rachel de Queiroz	Classiques Garnier	
src--guess-ohmer-reappraising-land	Reappraising Land and Inheritance, Revisiting Ghosts: A Black Feminist and Decolonial Land-informed Reading of Beloved by Toni Morrison and I, Tituba, Black Witch of Salem by Maryse Condé	Feminist Formations (Johns Hopkins University Press)	
src--aristotle-ethica-nicomachea-oct	Aristotelis Ethica Nicomachea (『니코마코스 윤리학』) 1권 6장 1096a11–17	Oxford University Press (Oxford Classical Texts, I. Bywater 편)	
src--heidegger-nietzsche-1961	Nietzsche (전 2권)	Verlag Günther Neske, Pfullingen	
src--said-intellectuals-postcolonial-1986	Intellectuals in the Post-Colonial World	Salmagundi 70–71호 (Skidmore College)	
src--khalid-making-uzbekistan-2015	Making Uzbekistan: Nation, Empire, and Revolution in the Early USSR	Cornell University Press	
src--borges-historia-de-la-eternidad-1936-titular	『영원의 역사』 수록 표제 에세이 「영원의 역사」 (Historia de la eternidad, 1936)	Editorial Viau y Zona, Buenos Aires	
src--quach-ah-q-chi-pheo-2018	Simple Remarks of The True Story of Ah Q and Chi Pheo	Journal of Literature and Art Studies 8(2), 2018 (Quach Van-Dau)	https://doi.org/10.17265/2159-5836/2018.02.008
src--read-nz-frame-janet	Janet Frame — 작가 항목	Read NZ Te Pou Muramura (뉴질랜드 도서 협회)	https://www.read-nz.org/writer/frame-janet/
src--akutagawa-kyuyu-e-okuru-shuki-1927	「어느 옛 친구에게 보내는 수기(或旧友へ送る手記)」 (1927)	아쿠타가와 류노스케 유고 — 1927년 7월 사후 공개	
src--kawabata-matsugo-no-me-1933	「말기의 눈(末期の眼)」 (1933)	가와바타 야스나리 수필 — 1933년 발표	
src--dazai-kawabata-yasunari-e-1935	「가와바타 야스나리에게(川端康成へ)」 (1935. 10.)	『文藝通信』 게재 — 다자이 오사무 산문	
src--dazai-akutagawa-sho-shokan	아쿠타가와상 청원 서간 (1935–1936, 사토 하루오·가와바타 야스나리 앞)	『太宰治全集』 서간 권 (筑摩書房)	
src--dazai-sekibetsu-1945	『석별(惜別)』 (1945)	일본문학보국회 위촉작 — 1945년 간행 단행본	
src--kawabata-mishima-ofuku-shokan	『川端康成・三島由紀夫 往復書簡』 (가와바타 야스나리·미시마 유키오 왕복서간)	新潮社	
src--mishima-shosetsuka-no-kyuka-1955	『소설가의 휴가(小説家の休暇)』 (1955)	미시마 유키오 일기 형식 산문 — 1955년 간행	
src--mishima-watashi-no-henreki-jidai	『나의 편력시대(私の遍歴時代)』 (1963)	東京新聞 연재 (1963) — 이후 단행본 수록	
src--bunka-daikakumei-kyodo-seimei-1967	중국 문화대혁명에 관한 공동성명 (1967. 2. 28.)	가와바타 야스나리·이시카와 준·아베 고보·미시마 유키오 공동 발표 — 일본 각 일간지 게재	
src--chang-laoren-yu-hai	『老人與海』 — 헤밍웨이 『노인과 바다』 장아이링 중국어 번역, 역자 서문 포함	홍콩 미국공보원(USIS) 지원 번역 사업 — 1950년대 홍콩 간행	
src--steiner-tolstoy-or-dostoevsky	Tolstoy or Dostoevsky: An Essay in the Old Criticism (1959)	Alfred A. Knopf / Faber and Faber — George Steiner	
src--williams-drama-ibsen-to-brecht	Drama from Ibsen to Brecht (1968 개정판, 초판 Drama from Ibsen to Eliot 1952)	Chatto & Windus — Raymond Williams	
src--james-notes-on-novelists-1914	Notes on Novelists, with Some Other Notes (1914)	Charles Scribner's Sons — Henry James	
src--james-scenic-art	The Scenic Art: Notes on Acting and the Drama, 1872–1901 (Allan Wade 편, 1948)	Rutgers University Press	
src--conrad-notes-on-life-and-letters-1921	Notes on Life and Letters (1921)	J. M. Dent & Sons — Joseph Conrad	
src--dickinson-letters-higginson	토머스 웬트워스 히긴슨에게 보낸 편지 (1862. 4.)	에밀리 디킨슨 서한 — Houghton Library, Harvard University 소장 원고	
src--nietzsche-letter-overbeck-1887	프란츠 오버베크에게 보낸 편지 (1887. 2. 23., 니스)	프리드리히 니체 서한 — Kritische Gesamtausgabe Briefwechsel 수록	
src--joyce-ibsens-new-drama-1900	「입센의 새 희곡」 (Ibsen's New Drama, The Fortnightly Review, 1900. 4.)	The Fortnightly Review (London)	
src--ellmann-james-joyce	James Joyce (1959, 개정판 1982)	Oxford University Press — Richard Ellmann	
src--proust-flaubert-style-1920	「플로베르의 '문체'에 관하여」 (À propos du «style» de Flaubert, La Nouvelle Revue Française, 1920. 1.)	La Nouvelle Revue Française (Gallimard)	
src--woolf-common-reader-1925	The Common Reader (1925)	The Hogarth Press — Virginia Woolf	
src--woolf-stavrogins-confession-1922	Stavrogin's Confession (1922) — S. S. 코텔리안스키·버지니아 울프 공역	The Hogarth Press	
src--woolf-letters-diary	버지니아 울프 일기·서간 (The Diary of Virginia Woolf / The Letters of Virginia Woolf)	The Hogarth Press / Harcourt Brace Jovanovich	
src--mansfield-letters-journal	캐서린 맨스필드 일기·서간 (Journal of Katherine Mansfield, 1927 / The Letters of Katherine Mansfield)	Constable & Co. — 존 미들턴 머리 편	
src--mann-essays-reden	토마스 만 에세이·강연 (Essays und Reden)	S. Fischer Verlag — Thomas Mann	
src--faulkner-in-the-university	Faulkner in the University: Class Conferences at the University of Virginia 1957–1958 (Frederick Gwynn·Joseph Blotner 편, 1959)	University of Virginia Press	
src--musil-tagebuecher	로베르트 무질 일기 (Tagebücher, Adolf Frisé 편)	Rowohlt Verlag	
src--pessoa-campos-saudacao-whitman	「월트 휘트먼에게 보내는 인사」 (Saudação a Walt Whitman) — 알바루 드 캄푸스 명의, 1915년 무렵 집필·사후 간행	페르난두 페소아 유고 — Espólio de Fernando Pessoa, Biblioteca Nacional de Portugal	
src--yeats-collected-letters	W. B. 예이츠 서간집 (The Collected Letters of W. B. Yeats)	Oxford University Press	
src--rilke-briefe	라이너 마리아 릴케 서간집 (Briefe) — 『세잔에 관한 편지』(Briefe über Cézanne, 1907) 포함	Insel Verlag	
src--eliot-selected-essays-1932	Selected Essays (1932)	Faber and Faber — T. S. Eliot	
src--eliot-on-poetry-and-poets-1957	On Poetry and Poets (1957)	Faber and Faber — T. S. Eliot	
src--eliot-ulysses-order-and-myth-1923	「율리시스, 질서, 신화」 (Ulysses, Order, and Myth, The Dial, 1923. 11.)	The Dial (New York)	
src--waste-land-facsimile-1971	The Waste Land: A Facsimile and Transcript of the Original Drafts (Valerie Eliot 편, 1971)	Faber and Faber / Harcourt Brace Jovanovich	
src--stein-lectures-in-america-1935	Lectures in America (1935)	Random House — Gertrude Stein	
src--borges-kafka-y-sus-precursores	「카프카와 그의 선구자들」 (Kafka y sus precursores, 1951)	Jorge Luis Borges — La Nación 게재, 이후 『또 다른 심문들』(1952) 수록	
src--borges-prologo-kafka-losada-1938	프란츠 카프카 단편 선집 『변신』 스페인어판 서문 (Editorial Losada, Buenos Aires, 1938)	Editorial Losada	
src--borges-hojas-de-hierba-1969	월트 휘트먼 『풀잎』 스페인어 선역 (Hojas de hierba, 보르헤스 옮김·서문, 1969)	Juárez Editor, Buenos Aires	
src--borges-orlando-cuarto-propio-sur	버지니아 울프 『자기만의 방』(1936)·『올랜도』(1937) 스페인어판, 보르헤스 옮김	Editorial Sur, Buenos Aires	
src--borges-palmeras-salvajes-1940	윌리엄 포크너 『야생 종려나무』 스페인어판 (Las palmeras salvajes, 보르헤스 옮김, 1940)	Editorial Sudamericana, Buenos Aires	
src--borges-proa-ulises-1925	「조이스의 율리시스」와 마지막 쪽 번역 (『프로아』 Proa, 1925)	Revista Proa, Buenos Aires	
src--borges-historia-de-la-eternidad-1936	『영원의 역사』 수록 「순환의 교리」 (Historia de la eternidad, 1936)	Editorial Viau y Zona, Buenos Aires	
src--borges-discusion-1932	『토론』 수록 「부바르와 페퀴셰 옹호」·「플로베르와 그의 모범적 운명」 (Discusión, 1932)	Manuel Gleizer Editor, Buenos Aires	
src--neruda-confieso-que-he-vivido	『내가 살았음을 고백한다』 (Confieso que he vivido: Memorias, 1974, 사후 출간)	Editorial Seix Barral	
src--neruda-veinte-poemas-nota-tagore	『스무 편의 사랑의 시와 한 편의 절망의 노래』 후기 판본의 16번 시 각주	Editorial Losada / Pablo Neruda	
src--discurso-al-alimon-1933	로르카와 네루다의 '알리몬 연설' — 루벤 다리오를 기리는 공동 연설 (부에노스아이레스 PEN 클럽, 1933)	PEN Club de Buenos Aires	
src--anales-de-buenos-aires-1946	『로스 아날레스 데 부에노스아이레스』 — 보르헤스 편집 시기 지면 (1946), 코르타사르 「점거당한 집」 게재	Los Anales de Buenos Aires	
src--makerere-conference-1962	영어로 쓰는 아프리카 작가 회의 (Conference of African Writers of English Expression, 마케레레 대학, 캄팔라, 1962년 6월)	Makerere University College / Transition (Kampala)	
src--soyinka-myth-literature-african-world	Myth, Literature and the African World (1976)	Cambridge University Press	
src--soyinka-opera-wonyosi-1977	『오페라 워뇨시』 (Opera Wonyosi, 1977년 이페 초연)	University of Ife / Wole Soyinka	
src--ngugi-homecoming-1972	Homecoming: Essays on African and Caribbean Literature, Culture and Politics (1972)	Heinemann Educational Books	
src--cesaire-tragedie-roi-christophe-1963	『크리스토프 왕의 비극』 (La Tragédie du roi Christophe, 1963)	Présence Africaine	
src--garcia-marquez-vivir-para-contarla	『이야기하기 위해 살다』 (Vivir para contarla, 2002)	Editorial Norma / Mondadori — 가브리엘 가르시아 마르케스 자서전	
src--garcia-marquez-rulfo-memoir-essay	후안 룰포에 관한 가르시아 마르케스의 회고 산문 (1980)	가브리엘 가르시아 마르케스 산문 — 룰포 헌정 지면 게재 후 산문집 수록	
src--garcia-marquez-hemingway-nyt-1981	「가브리엘 가르시아 마르케스, 어니스트 헤밍웨이를 만나다」 (1981. 7.)	The New York Times Book Review	
src--calvino-perche-leggere-i-classici	『왜 고전을 읽는가』 (Perché leggere i classici, 1991)	Arnoldo Mondadori Editore	
src--oulipo-workshop-records	울리포(Ouvroir de littérature potentielle) 회원·회합 기록 (1960– )	Oulipo / Bibliothèque Oulipienne	
src--morrison-cornell-thesis-1955	토니 모리슨 코넬 대학교 영문학 석사학위 논문 (1955)	Cornell University	
src--morrison-faulkner-yoknapatawpha-1985	포크너와 요크나파토파 학술대회 모리슨 발표 (미시시피 대학, 1985)	The University of Mississippi — Faulkner and Yoknapatawpha Conference	
src--morrison-baldwin-eulogy-1987	제임스 볼드윈 추도문 「그의 언어 안의 삶」 (1987. 12.)	The New York Times Book Review	
src--kundera-art-du-roman	『소설의 기술』 (L'Art du roman, 1986)	Éditions Gallimard	
src--kundera-testaments-trahis	『배신당한 유언들』 (Les Testaments trahis, 1993)	Éditions Gallimard	
src--kundera-introduction-variation-1985	「어느 변주곡의 서문」 (Introduction à une variation, 1985)	『자크와 그의 주인』 서문 / The New York Times Book Review 게재	
src--lem-microworlds	『마이크로월즈 — SF와 판타지에 관한 글』 (Microworlds, Franz Rottensteiner 엮음, 1984)	Harcourt Brace Jovanovich	
src--sfwa-lem-membership-1976	SFWA 렘 명예회원 자격 관련 기록 (1973년 수여, 1976년 철회)	Science Fiction and Fantasy Writers of America	
src--le-guin-year-of-the-flood-review-2009	어슐러 K. 르 귄, 『홍수의 해』 서평 (2009. 8.)	The Guardian	
src--le-guin-dancing-at-the-edge	『세상 끝에서 춤추다』 (Dancing at the Edge of the World, 1989)	Grove Press	
src--eco-sulla-letteratura	『문학에 대하여』 (Sulla letteratura, 2002)	Bompiani	
src--eco-poetiche-di-joyce	『조이스의 시학』 (Le poetiche di Joyce, 1966)	Bompiani	
src--rushdie-imaginary-homelands	『상상의 조국 — 에세이와 비평 1981–1991』 (Imaginary Homelands, 1991)	Granta Books / Viking	
src--sebald-kafka-writings	제발트의 카프카 저술 — 학술 논문과 『현기증. 감정들』 제3부 「Dr. K.s Badereise nach Riva」 (1990)	학술지 게재 논문 / Verlag Vito von Eichborn	
src--sebald-ringe-des-saturn	『토성의 고리』 (Die Ringe des Saturn, 1995)	Verlag Vito von Eichborn	
src--coetzee-beckett-dissertation-1969	「사뮈엘 베케트의 영어 소설 — 문체 분석 시론」 박사학위 논문 (1969)	The University of Texas at Austin	
src--coetzee-inner-workings	『내면의 작동 — 문학 에세이 2000–2005』 (Inner Workings, 2007)	Harvill Secker / Viking	
src--mendelson-encyclopedic-narrative-1976	「백과전서적 서사 — 단테에서 핀천까지」 (Edward Mendelson, 1976)	MLN (Modern Language Notes), Johns Hopkins University Press	
src--walker-in-search-of-hurston-1975	「조라 닐 허스턴을 찾아서」 (Alice Walker, 1975. 3.)	Ms. magazine	
src--beckett-our-exagmination-1929	「단테… 브루노. 비코.. 조이스」 — 『Our Exagmination Round His Factification for Incamination of Work in Progress』 수록 (1929)	Shakespeare and Company, Paris	
src--beckett-proust-1931	『Proust』 (1931)	Chatto & Windus, London	
src--beckett-but-the-clouds	텔레비전극 「…but the clouds…」 (1976년 집필, BBC 방영)	Faber and Faber (희곡 판본) / BBC	
src--nabokov-lectures-on-literature	『Lectures on Literature』 (Fredson Bowers 편, 1980)	Harcourt Brace Jovanovich	
src--nabokov-lectures-russian-literature	『Lectures on Russian Literature』 (Fredson Bowers 편, 1981)	Harcourt Brace Jovanovich	
src--nabokov-strong-opinions	『Strong Opinions』 (1973)	McGraw-Hill	
src--camus-mythe-sisyphe-kafka-appendix	「프란츠 카프카의 작품에서 희망과 부조리」 — 『시지프 신화』 부록	Éditions Gallimard	
src--camus-les-possedes-1959	『Les Possédés』 — 도스토옙스키 『악령』의 3부 희곡 각색 (1959)	Éditions Gallimard	
src--camus-homme-revolte-1951	『L'Homme révolté』 (1951)	Éditions Gallimard	
src--camus-requiem-pour-une-nonne-1956	『Requiem pour une nonne』 — 포크너 『수녀를 위한 레퀴엠』의 프랑스어 무대 각색 (1956)	Éditions Gallimard	
src--beauvoir-force-des-choses	『La Force des choses』 (1963)	Éditions Gallimard	
src--sartre-explication-etranger-1943	「Explication de L'Étranger」 (Cahiers du Sud, 1943)	Cahiers du Sud — 이후 『Situations I』 수록	
src--esslin-theatre-of-the-absurd	『The Theatre of the Absurd』 (1961)	Doubleday	
src--hemingway-moveable-feast	『A Moveable Feast』 (1964, 사후 간행)	Charles Scribner's Sons	
src--stein-autobiography-toklas	『The Autobiography of Alice B. Toklas』 (1933)	Harcourt, Brace and Company	
src--hemingway-conrad-tribute-1924	조지프 콘래드 추모 기고 (the transatlantic review 콘래드 특집, 1924)	The transatlantic review (Paris)	
src--beach-shakespeare-and-company	『Shakespeare and Company』 (1959)	Harcourt, Brace and Company	
src--orwell-lear-tolstoy-and-the-fool-1947	「Lear, Tolstoy and the Fool」 (Polemic, 1947)	Polemic (London)	
src--manifeste-343-1971	「343인 선언」 (Le Nouvel Observateur, 1971. 4. 5.)	Le Nouvel Observateur	
src--celan-niemandsrose-1963	『Die Niemandsrose』 (1963)	S. Fischer Verlag	
src--celan-uebertragungen	파울 첼란 번역 시편 (Gesammelte Werke, Übertragungen 권)	Suhrkamp Verlag	
src--ellison-shadow-and-act	『Shadow and Act』 (1964)	Random House	
src--oconnor-mystery-and-manners	『Mystery and Manners: Occasional Prose』 (Sally & Robert Fitzgerald 편, 1969)	Farrar, Straus and Giroux	
src--soseki-letter-akutagawa-1916	나쓰메 소세키가 아쿠타가와 류노스케에게 보낸 편지 (1916년 2월)	『漱石全集』 서간 편	
src--lu-xun-henan-essays-1907-08	루쉰 초기 문언 논문 — 『하남(河南)』 게재 (도쿄, 1907–1908)	재일 중국인 유학생 잡지 『河南』	
src--xiandai-riben-xiaoshuo-ji-1923	『현대일본소설집(現代日本小說集)』 (1923)	上海 商務印書館	
src--lu-xun-nora-lecture-1923	「노라는 떠난 뒤 어떻게 되었는가(娜拉走後怎樣)」 — 베이징여자고등사범학교 강연 (1923. 12.)	北京女子高等師範學校	
src--rilke-tsvetaeva-pasternak-1926	릴케·파스테르나크·츠베타예바 1926년 왕복 서한	각국어 정본 서한집 (러시아어판 『Письма 1926 года』, 독일어판 『Briefwechsel』)	
src--tsvetaeva-stikhi-k-akhmatovoy-1916	마리나 츠베타예바, 「아흐마토바에게(Стихи к Ахматовой)」 연작 (1916)	츠베타예바 시 전집 수록	
src--hedayat-payam-e-kafka-1948	사데크 헤다야트, 「카프카의 전언(پیام کافکا)」 — 페르시아어판 『유형지에서』 서문 (1948)	테헤란 초판	
src--premchand-tolstoy-ki-kahaniyan-1923	프렘찬드 옮김, 『톨스토이의 이야기들(टॉल्स्टॉय की कहानियाँ)』 (1923)	바라나시 간행 힌디 단행본	
src--kafka-proces-pl-1936	프란츠 카프카, 『소송(Proces)』 폴란드어 초판 (바르샤바, 1936) — 브루노 슐츠 후기	Towarzystwo Wydawnicze Rój (바르샤바)	
src--gombrowicz-schulz-open-letters-1936	비톨트 곰브로비치·브루노 슐츠 공개 서한 (『Studio』, 1936)	문예지 『Studio』 (바르샤바)	
src--broch-joyce-und-die-gegenwart-1936	헤르만 브로흐, 「제임스 조이스와 현재(James Joyce und die Gegenwart)」 (1932년 강연, 1936년 간행)	Herbert Reichner Verlag (빈)	
src--canetti-das-augenspiel-1985	엘리아스 카네티, 『눈의 유희(Das Augenspiel)』 (1985)	Carl Hanser Verlag	
src--canetti-der-andere-prozess-1969	엘리아스 카네티, 『또 하나의 소송 — 카프카의 펠리체에게 보낸 편지(Der andere Prozeß)』 (1969)	Carl Hanser Verlag	
src--canetti-die-fackel-im-ohr-1980	엘리아스 카네티, 『귀 속의 횃불(Die Fackel im Ohr)』 (1980)	Carl Hanser Verlag	
src--akhmatova-tagore-translations	안나 아흐마토바의 타고르 러시아어 번역 시편	소비에트 시기 타고르 러시아어판	
src--tsvetaeva-plavanie-1940	샤를 보들레르 「여행(Le Voyage)」의 러시아어역 「Плаванье」 — 마리나 츠베타예바 역 (1940)	츠베타예바 번역 시편	
src--tsvetaeva-lorca-translations-1941	페데리코 가르시아 로르카 시편의 러시아어역 — 마리나 츠베타예바 역 (1940–1941)	츠베타예바 번역 시편	
src--kim-yunsik-kim-hyeon-hanguk-munhaksa	김윤식·김현, 『한국문학사』 (1973)	민음사	
src--flaubert-correspondance	귀스타브 플로베르 서간집 (Correspondance)	Éditions Gallimard, Bibliothèque de la Pléiade	
src--tolstoy-what-is-art	예술이란 무엇인가 (Что такое искусство?, 1897)	레프 톨스토이 저작	
src--dostoevsky-writers-diary	작가의 일기 (Дневник писателя, 1873–1881)	표도르 도스토옙스키 정기 연재물	
src--chekhov-letters	안톤 체호프 서간집	안톤 체호프 서한 (알렉산드르 체호프·수보린 앞)	
src--ibsen-letters-speeches	헨리크 입센 서한·연설집	헨리크 입센 서한 및 공개 연설 기록	
src--james-ny-edition-prefaces	뉴욕판 서문집 (Prefaces to the New York Edition, 1907–1909)	Charles Scribner's Sons	
src--conrad-a-personal-record	개인적 기록 (A Personal Record, 1912)	조지프 콘래드 회고록	
src--abl-machado	Academia Brasileira de Letras — 마샤두 지 아시스 관련 기관 자료	Academia Brasileira de Letras	
src--dickinson-fascicles	에밀리 디킨슨 육필 원고와 파시클(수제 시집 묶음)	Amherst College Archives / Houghton Library, Harvard University	
src--whitman-1855-preface	『풀잎』 1855년 초판 서문	월트 휘트먼 자비 출판 초판	
src--nietzsche-colli-montinari	니체 전집 비판정본 (Kritische Gesamtausgabe / Kritische Studienausgabe, Colli·Montinari 편)	Walter de Gruyter	
src--aozora-soseki-wagahai	吾輩は猫である — 青空文庫 전사 (카드 789, 저본 『夏目漱石全集1』)	青空文庫	https://www.aozora.gr.jp/cards/000148/card789.html
src--aozora-soseki-botchan	坊っちゃん — 青空文庫 전사 (카드 752, 저본 『ちくま日本文学全集 夏目漱石』)	青空文庫	https://www.aozora.gr.jp/cards/000148/card752.html
src--aozora-soseki-sanshiro	三四郎 — 青空文庫 전사 (카드 794)	青空文庫	https://www.aozora.gr.jp/cards/000148/card794.html
src--aozora-soseki-sorekara	それから — 青空文庫 전사 (카드 1746, 저본 『漱石全集 第六巻』)	青空文庫	https://www.aozora.gr.jp/cards/000148/card1746.html
src--aozora-soseki-kokoro	こころ — 青空文庫 전사 (카드 773)	青空文庫	https://www.aozora.gr.jp/cards/000148/card773.html
src--aozora-soseki-bungakuron-jo	『文学論』序 — 青空文庫 전사 (카드 60818, 저본 『漱石文芸論集』)	青空文庫	https://www.aozora.gr.jp/cards/000148/card60818.html
src--jawiki-wagahai	吾輩は猫である — 일본어 위키백과	ja.wikipedia.org	https://ja.wikipedia.org/wiki/%E5%90%BE%E8%BC%A9%E3%81%AF%E7%8C%AB%E3%81%A7%E3%81%82%E3%82%8B
src--jawiki-botchan	坊つちやん — 일본어 위키백과	ja.wikipedia.org	https://ja.wikipedia.org/wiki/%E5%9D%8A%E3%81%A4%E3%81%A1%E3%82%84%E3%82%93
src--jawiki-sanshiro	三四郎 — 일본어 위키백과	ja.wikipedia.org	https://ja.wikipedia.org/wiki/%E4%B8%89%E5%9B%9B%E9%83%8E
src--jawiki-sorekara	それから (小説) — 일본어 위키백과	ja.wikipedia.org	https://ja.wikipedia.org/wiki/%E3%81%9D%E3%82%8C%E3%81%8B%E3%82%89_(%E5%B0%8F%E8%AA%AC)
src--jawiki-kokoro	こゝろ — 일본어 위키백과	ja.wikipedia.org	https://ja.wikipedia.org/wiki/%E3%81%93%E3%82%9D%E3%82%8D
src--ndl-bungakuron-1907	文学論 (夏目漱石, 大倉書店, 明治40년 5월) — 국립국회도서관 서지	国立国会図書館	https://ndlsearch.ndl.go.jp/books/R100000002-I0000005022
src--bnwikisource-gitanjali-1913	গীতাঞ্জলি — 벵골어 위키문헌 교정 전사 (1913년 인쇄본 스캔)	bn.wikisource.org	https://bn.wikisource.org/wiki/%E0%A6%97%E0%A7%80%E0%A6%A4%E0%A6%BE%E0%A6%9E%E0%A7%8D%E0%A6%9C%E0%A6%B2%E0%A6%BF_(%E0%A7%A7%E0%A7%AF%E0%A7%A7%E0%A7%A9)/%E0%A7%A7
src--bnwiki-gitanjali	গীতাঞ্জলি — 벵골어 위키백과	bn.wikipedia.org	https://bn.wikipedia.org/wiki/%E0%A6%97%E0%A7%80%E0%A6%A4%E0%A6%BE%E0%A6%9E%E0%A7%8D%E0%A6%9C%E0%A6%B2%E0%A6%BF
src--bnwikisource-dakghar	ডাকঘর — 벵골어 위키문헌 교정 전사 (인디언 퍼블리싱 하우스 판 스캔)	bn.wikisource.org	https://bn.wikisource.org/wiki/%E0%A6%A1%E0%A6%BE%E0%A6%95%E0%A6%98%E0%A6%B0/%E0%A7%A7
src--bnwiki-dakghar	ডাকঘর (নাটক) — 벵골어 위키백과	bn.wikipedia.org	https://bn.wikipedia.org/wiki/%E0%A6%A1%E0%A6%BE%E0%A6%95%E0%A6%98%E0%A6%B0_(%E0%A6%A8%E0%A6%BE%E0%A6%9F%E0%A6%95)
src--enwikisource-nationalism-1917	Nationalism — 영어 위키문헌 교정 전사 (Macmillan 1917년 초판 스캔)	en.wikisource.org	https://en.wikisource.org/wiki/Nationalism
